Dates,NORMAL(mm) ,ACTUAL(mm)
20-Mar-19,0,1.23
21-Mar-19,0,3.28
22-Mar-19,0,0.49
23-Mar-19,0,12.58
24-Mar-19,0,4.49
25-Mar-19,0,0.02
26-Mar-19,0,0
27-Mar-19,0,1.36
28-Mar-19,0,0.87
29-Mar-19,0,0
30-Mar-19,0,0
31-Mar-19,0,7.71
01-Apr-19,0,5.3
02-Apr-19,0,4.37
03-Apr-19,0,19.83
04-Apr-19,0,0.06
05-Apr-19,0,5.17
06-Apr-19,0,0
07-Apr-19,0,0
08-Apr-19,0,1.03
09-Apr-19,0,0.29
10-Apr-19,0,6.54
11-Apr-19,0,0
12-Apr-19,0,0
13-Apr-19,0,0
14-Apr-19,0,0.04
15-Apr-19,0,0.78
16-Apr-19,0,0
17-Apr-19,0,4.07
18-Apr-19,0,2.88
19-Apr-19,0,3.09
20-Apr-19,0,0.69
21-Apr-19,0,1.14
22-Apr-19,0,0
23-Apr-19,0,0.05
24-Apr-19,0,0
25-Apr-19,0,0
26-Apr-19,0,0
27-Apr-19,0,0.35
28-Apr-19,0,0.01
29-Apr-19,0,15.22
30-Apr-19,0,30.02
01-May-19,0,42.56
02-May-19,0,42.56
03-May-19,0,24.31
04-May-19,0,0.51
05-May-19,0,24.73
06-May-19,0,10.04
07-May-19,0,13.17
08-May-19,0,3.5
09-May-19,0,41.05
10-May-19,0,20.38
11-May-19,0,26.62
12-May-19,0,50.86
13-May-19,0,33.91
14-May-19,0,11.59
15-May-19,0,2.97
16-May-19,0,4.29
17-May-19,0,5.21
18-May-19,0,21.51
19-May-19,0,11.9
20-May-19,0,8.96
21-May-19,0,21.61
22-May-19,0,6.87
23-May-19,0,13.27
24-May-19,0,4.26
25-May-19,0,0.17
26-May-19,0,24.9
27-May-19,0,20.65
28-May-19,0,1.67
29-May-19,0,0
30-May-19,0,4.31
31-May-19,0,0.15
01-Jun-19,0,0.16
02-Jun-19,0,0
03-Jun-19,0,2.52
04-Jun-19,0,25.1
05-Jun-19,0,0.04
06-Jun-19,0,3.14
07-Jun-19,0,0.41
08-Jun-19,0,14.92
09-Jun-19,0,17
10-Jun-19,0,36.51
11-Jun-19,0,3.65
12-Jun-19,0,0.04
13-Jun-19,0,1.18
14-Jun-19,0,0.01
15-Jun-19,0,50.52
16-Jun-19,0,19.27
17-Jun-19,0,2.26
18-Jun-19,0,9.13
19-Jun-19,0,0.01
20-Jun-19,0,1.91
21-Jun-19,0,12.91
22-Jun-19,0,13.08
23-Jun-19,0,15.34
24-Jun-19,0,6.89
25-Jun-19,0,7.44
26-Jun-19,0,9.06
27-Jun-19,0,31.9
28-Jun-19,0,31.7
29-Jun-19,0,8.25
30-Jun-19,0,0
01-Jul-19,0,2.16
02-Jul-19,0,55.25
03-Jul-19,0,13.91
04-Jul-19,0,1.49
05-Jul-19,0,6.09
06-Jul-19,0,5.26
07-Jul-19,0,52.83
08-Jul-19,0,13.36
09-Jul-19,0,46.26
10-Jul-19,0,53.56
11-Jul-19,0,30.34
12-Jul-19,0,17.32
13-Jul-19,0,16.56
14-Jul-19,0,13.33
15-Jul-19,0,21.5
16-Jul-19,0,24.2
17-Jul-19,0,1.01
18-Jul-19,0,0.79
19-Jul-19,0,0
20-Jul-19,0,14.57
21-Jul-19,0,30.18
22-Jul-19,0,35.32
23-Jul-19,0,12.68
24-Jul-19,0,14.24
25-Jul-19,0,8.19
26-Jul-19,0,18.53
27-Jul-19,0,4.44
28-Jul-19,0,3.37
29-Jul-19,0,22.98
30-Jul-19,0,25.42
31-Jul-19,0,41.94
01-Aug-19,0,22.69
02-Aug-19,0,3.59
03-Aug-19,0,7.05
04-Aug-19,0,7.57
05-Aug-19,0,0.03
06-Aug-19,0,0.62
07-Aug-19,0,0.44
08-Aug-19,0,0.62
09-Aug-19,0,6.46
10-Aug-19,0,1
11-Aug-19,0,0.12
12-Aug-19,0,0
13-Aug-19,0,0.6
14-Aug-19,0,27.42
15-Aug-19,0,14.36
16-Aug-19,0,2.88
17-Aug-19,0,1.26
18-Aug-19,0,4.33
19-Aug-19,0,3.78
20-Aug-19,0,4.87
21-Aug-19,0,0.74
22-Aug-19,0,0.26
23-Aug-19,0,0.76
24-Aug-19,0,10.53
25-Aug-19,0,0
26-Aug-19,0,1.62
27-Aug-19,0,0.68
28-Aug-19,0,12.97
29-Aug-19,0,0
30-Aug-19,0,18.76
31-Aug-19,0,0.1
01-Sep-19,0,6.64
02-Sep-19,0,0
03-Sep-19,0,2.18
04-Sep-19,0,3.33
05-Sep-19,0,8.6
06-Sep-19,0,5.34
07-Sep-19,0,1.31
08-Sep-19,0,1.05
09-Sep-19,0,37.77
10-Sep-19,0,42.97
11-Sep-19,0,4.58
12-Sep-19,0,7.6
13-Sep-19,0,12.97
14-Sep-19,0,18.32
15-Sep-19,0,26.91
16-Sep-19,0,8.94
17-Sep-19,0,16.73
18-Sep-19,0,1.2
19-Sep-19,0,2.05
20-Sep-19,0,0
21-Sep-19,0,1.44
22-Sep-19,0,0.58
23-Sep-19,0,28.64
24-Sep-19,0,70.89
25-Sep-19,0,13.22
26-Sep-19,0,0.06
27-Sep-19,0,4.89
28-Sep-19,0,0.16
29-Sep-19,0,4.64
30-Sep-19,0,0.01
01-Oct-19,0,11.75
02-Oct-19,0,0.14
03-Oct-19,0,0
04-Oct-19,0,3.57
05-Oct-19,0,4.01
06-Oct-19,0,7.08
07-Oct-19,0,4.96
08-Oct-19,0,11.74
09-Oct-19,0,1.45
10-Oct-19,0,21.28
11-Oct-19,0,4.88
12-Oct-19,0,0.33
13-Oct-19,0,0
14-Oct-19,0,0
15-Oct-19,0,0
16-Oct-19,0,0
17-Oct-19,0,0
18-Oct-19,0,0
19-Oct-19,0,0.2
20-Oct-19,0,0
21-Oct-19,0,8.31
22-Oct-19,0,4.88
23-Oct-19,0,1.44
24-Oct-19,0,3.21
25-Oct-19,0,5.73
26-Oct-19,0,17.07
27-Oct-19,0,5.38
28-Oct-19,0,0.01
29-Oct-19,0,0
30-Oct-19,0,0
31-Oct-19,0,0
01-Nov-19,0,0
02-Nov-19,0,0
03-Nov-19,0,0
04-Nov-19,0,0
05-Nov-19,0,4.01
06-Nov-19,0,0.48
07-Nov-19,0,0
08-Nov-19,0,0
09-Nov-19,0,0
10-Nov-19,0,0
11-Nov-19,0,1.87
12-Nov-19,0,0.2
13-Nov-19,0,0.13
14-Nov-19,0,0
15-Nov-19,0,0
16-Nov-19,0,0.03
17-Nov-19,0,0
18-Nov-19,0,0.37
19-Nov-19,0,1.07
20-Nov-19,0,1.15
21-Nov-19,0,0
22-Nov-19,0,0
23-Nov-19,0,0
24-Nov-19,0,0
25-Nov-19,0,0
26-Nov-19,0,0
27-Nov-19,0,0
28-Nov-19,0,0
29-Nov-19,0,0
30-Nov-19,0,0
01-Dec-19,0,1.88
02-Dec-19,0,0.17
03-Dec-19,0,0
04-Dec-19,0,0
05-Dec-19,0,0
06-Dec-19,0,0
07-Dec-19,0,0
08-Dec-19,0,0
09-Dec-19,0,0
10-Dec-19,0,0
11-Dec-19,0,0
12-Dec-19,0,1.15
13-Dec-19,0,0
14-Dec-19,0,0
15-Dec-19,0,0
16-Dec-19,0,0
17-Dec-19,0,0.24
18-Dec-19,0,0.13
19-Dec-19,0,0
20-Dec-19,0,0
21-Dec-19,0,0.03
22-Dec-19,0,0
23-Dec-19,0,0.28
24-Dec-19,0,0
25-Dec-19,0,0
26-Dec-19,0,0.13
27-Dec-19,0,0.04
28-Dec-19,0,0.04
29-Dec-19,0,0
30-Dec-19,0,0
31-Dec-19,0,0
01-Jan-20,0,0
02-Jan-20,0,0.33
03-Jan-20,0,0.05
04-Jan-20,0,9.48
05-Jan-20,0,3.01
06-Jan-20,0,2.01
07-Jan-20,0,0
08-Jan-20,0,0
09-Jan-20,0,0.02
10-Jan-20,0,0.15
11-Jan-20,0,0
12-Jan-20,0,0
13-Jan-20,0,0
14-Jan-20,0,0
15-Jan-20,0,0
16-Jan-20,0,0
17-Jan-20,0,0
18-Jan-20,0,0
19-Jan-20,0,0.16
20-Jan-20,0,6.71
21-Jan-20,0,2.97
22-Jan-20,0,0.55
23-Jan-20,0,0.62
24-Jan-20,0,1.77
25-Jan-20,0,0
26-Jan-20,0,0
27-Jan-20,0,0
28-Jan-20,0,0
29-Jan-20,0,0
30-Jan-20,0,0.04
31-Jan-20,0,3.42
01-Feb-20,0,1.45
02-Feb-20,0,0.57
03-Feb-20,0,0.14
04-Feb-20,0,0
05-Feb-20,0,0.12
06-Feb-20,0,1.5
07-Feb-20,0,0
08-Feb-20,0,0
09-Feb-20,0,0
10-Feb-20,0,1.33
11-Feb-20,0,0
12-Feb-20,0,0
13-Feb-20,0,0
14-Feb-20,0,0
15-Feb-20,0,0
16-Feb-20,0,0.05
17-Feb-20,0,0.04
18-Feb-20,0,5.86
19-Feb-20,0,6.14
20-Feb-20,0,0.24
21-Feb-20,0,0.04
22-Feb-20,0,0
23-Feb-20,0,0
24-Feb-20,0,0
25-Feb-20,0,0
26-Feb-20,0,6.98
27-Feb-20,0,13.48
28-Feb-20,0,0.49
29-Feb-20,0,0
01-Mar-20,0,0
02-Mar-20,0,0.64
03-Mar-20,0,4.72
04-Mar-20,0,0.67
05-Mar-20,0,1.19
06-Mar-20,0,0.51
07-Mar-20,0,1.58
08-Mar-20,0,5.75
09-Mar-20,0,7.37
10-Mar-20,0,0
11-Mar-20,0,2.34
12-Mar-20,0,2.26
13-Mar-20,0,0
14-Mar-20,0,0
15-Mar-20,0,0.04
16-Mar-20,0,2.19
17-Mar-20,0,1.75
18-Mar-20,0,0
19-Mar-20,0,0.01
20-Mar-20,0,0.16
21-Mar-20,0,0.82
22-Mar-20,0,0
23-Mar-20,0,0
24-Mar-20,0,0.66
25-Mar-20,0,0
26-Mar-20,0,0.28
27-Mar-20,0,0
28-Mar-20,0,0.02
29-Mar-20,0,8.67
30-Mar-20,0,0
31-Mar-20,0,0
01-Apr-20,0,0
02-Apr-20,0,3.12
03-Apr-20,0,9.78
04-Apr-20,0,2.46
05-Apr-20,0,1.1
06-Apr-20,0,0.98
07-Apr-20,0,0.17
08-Apr-20,0,0.03
09-Apr-20,0,3.27
10-Apr-20,0,3.84
11-Apr-20,0,0.4
12-Apr-20,0,2.18
13-Apr-20,0,0.03
14-Apr-20,0,0
15-Apr-20,0,0
16-Apr-20,0,0
17-Apr-20,0,0.09
18-Apr-20,0,1.11
19-Apr-20,0,14
20-Apr-20,0,18.67
21-Apr-20,0,6.87
22-Apr-20,0,10.86
23-Apr-20,0,5.05
24-Apr-20,0,4.07
25-Apr-20,0,6.46
26-Apr-20,0,0.6
27-Apr-20,0,0
28-Apr-20,0,1.72
29-Apr-20,0,11.29
30-Apr-20,0,3.43
01-May-20,0,1.6
02-May-20,0,0
03-May-20,0,0.33
04-May-20,0,6.2
05-May-20,0,13.72
06-May-20,0,1.33
07-May-20,0,5.53
08-May-20,0,15.73
09-May-20,0,6.98
13-May-20,0,18.69
14-May-20,0,20.85
15-May-20,0,1.64
16-May-20,0,19.08
17-May-20,0,13.56
18-May-20,0,0.45
19-May-20,0,0.13
20-May-20,0,0
21-May-20,0,4.81
22-May-20,0,24.54
23-May-20,0,16.81
24-May-20,0,32.75
25-May-20,0,45.97
26-May-20,0,56.39
27-May-20,0,30.19
28-May-20,0,0.55
29-May-20,0,0
30-May-20,0,9.28
31-May-20,0,0.66
01-Jun-20,0,24.63
02-Jun-20,0,13.06
03-Jun-20,0,70.65
04-Jun-20,0,21.69
05-Jun-20,0,22.13
06-Jun-20,0,33.69
07-Jun-20,0,7.75
08-Jun-20,0,3.61
09-Jun-20,0,0
10-Jun-20,0,1.7
11-Jun-20,0,10.72
12-Jun-20,0,9.76
13-Jun-20,0,11.84
14-Jun-20,0,15.68
15-Jun-20,0,3.22
16-Jun-20,0,9.12
17-Jun-20,0,9.36
18-Jun-20,0,18.41
19-Jun-20,0,6.3
20-Jun-20,0,9.67
21-Jun-20,0,6.61
22-Jun-20,0,17.91
23-Jun-20,0,33.17
24-Jun-20,0,85.14
25-Jun-20,0,138.72
26-Jun-20,0,29.85
27-Jun-20,0,30.35
28-Jun-20,0,10.93
29-Jun-20,0,2.13
30-Jun-20,0,2.49
01-Jul-20,0,6.61
02-Jul-20,0,33.83
03-Jul-20,0,4.5
04-Jul-20,0,12.11
05-Jul-20,0,8.44
06-Jul-20,0,22.56
07-Jul-20,0,5.39
08-Jul-20,0,34.89
09-Jul-20,0,40.51
10-Jul-20,0,35.84
11-Jul-20,0,21.9
12-Jul-20,0,19.94
13-Jul-20,0,6.61
29-Jul-20,0,15.43
30-Jul-20,0,34.06
31-Jul-20,0,2.31
01-Aug-20,0,0.14
02-Aug-20,0,0.03
03-Aug-20,0,0
04-Aug-20,0,0.14
05-Aug-20,0,0.09
06-Aug-20,0,0.2
07-Aug-20,0,17.57
08-Aug-20,0,11.28
09-Aug-20,0,7.92
10-Aug-20,0,15.16
11-Aug-20,0,20.92
12-Aug-20,0,14.15
13-Aug-20,0,4.1
14-Aug-20,0,4.93
15-Aug-20,0,1.32
16-Aug-20,0,22.18
17-Aug-20,0,20.59
18-Aug-20,0,9
19-Aug-20,0,1.66
20-Aug-20,0,0
21-Aug-20,0,22.46
22-Aug-20,0,14.28
23-Aug-20,0,14.77
24-Aug-20,0,0.35
25-Aug-20,0,0
26-Aug-20,0,0
27-Aug-20,0,40.97
28-Aug-20,0,14.7
29-Aug-20,0,12.42
30-Aug-20,0,16.97
31-Aug-20,0,5.33
01-Sep-20,0,1.07
02-Sep-20,0,4.2
03-Sep-20,0,11.96
04-Sep-20,0,10.37
05-Sep-20,0,6.32
06-Sep-20,0,17.33
07-Sep-20,0,1.95
08-Sep-20,0,2.13
09-Sep-20,0,0.01
10-Sep-20,0,22.73
11-Sep-20,0,9.22
12-Sep-20,0,24.09
13-Sep-20,0,13.75
14-Sep-20,0,31.51
15-Sep-20,0,17.37
16-Sep-20,0,14.54
17-Sep-20,0,9.07
18-Sep-20,0,17.55
19-Sep-20,0,0
20-Sep-20,0,0.28
21-Sep-20,0,1.77
22-Sep-20,0,6.45
23-Sep-20,0,13.28
24-Sep-20,0,14.61
25-Sep-20,0,15.56
26-Sep-20,0,18.48
27-Sep-20,0,9.9
28-Sep-20,0,16.72
29-Sep-20,0,2.14
30-Sep-20,0,0
01-Oct-20,0,0
02-Oct-20,0,24.95
03-Oct-20,0,14.05
04-Oct-20,0,11.18
05-Oct-20,0,9.55
06-Oct-20,0,33.7
07-Oct-20,0,10.87
08-Oct-20,0,0.35
09-Oct-20,0,0.01
10-Oct-20,0,0
11-Oct-20,0,0
12-Oct-20,0,0.26
13-Oct-20,0,0
14-Oct-20,0,0
15-Oct-20,0,0
16-Oct-20,0,0
17-Oct-20,0,0
18-Oct-20,0,0
19-Oct-20,0,2.16
20-Oct-20,0,0.08
21-Oct-20,0,0
22-Oct-20,0,0
23-Oct-20,0,22.3
24-Oct-20,0,16.34
25-Oct-20,0,26.53
26-Oct-20,0,0.11
27-Oct-20,0,0.02
28-Oct-20,0,0
29-Oct-20,0,0
30-Oct-20,0,0
31-Oct-20,0,0
01-Nov-20,0,1.64
02-Nov-20,0,0.02
03-Nov-20,0,1.49
04-Nov-20,0,27.53
05-Nov-20,0,7.66
06-Nov-20,0,0
07-Nov-20,0,0
08-Nov-20,0,0
09-Nov-20,0,0
10-Nov-20,0,0
11-Nov-20,0,0
12-Nov-20,0,0
13-Nov-20,0,0
14-Nov-20,0,0
15-Nov-20,0,0
16-Nov-20,0,0
17-Nov-20,0,0
18-Nov-20,0,5.02
19-Nov-20,0,1.25
20-Nov-20,0,0
21-Nov-20,0,0.32
22-Nov-20,0,1.32
23-Nov-20,0,0.03
24-Nov-20,0,0
25-Nov-20,0,0
26-Nov-20,0,0
27-Nov-20,0,0
28-Nov-20,0,0
29-Nov-20,0,0
30-Nov-20,0,0
01-Dec-20,0,0
02-Dec-20,0,0
03-Dec-20,0,0
04-Dec-20,0,0
05-Dec-20,0,0
06-Dec-20,0,0.25
07-Dec-20,0,0.01
08-Dec-20,0,0.05
09-Dec-20,0,0
10-Dec-20,0,0
11-Dec-20,0,0
12-Dec-20,0,0
13-Dec-20,0,0
14-Dec-20,0,0.41
15-Dec-20,0,0
16-Dec-20,0,0
17-Dec-20,0,0.12
18-Dec-20,0,0.36
19-Dec-20,0,0.21
20-Dec-20,0,0
21-Dec-20,0,0
22-Dec-20,0,0
23-Dec-20,0,0
24-Dec-20,0,0
25-Dec-20,0,0
26-Dec-20,0,0
27-Dec-20,0,0
28-Dec-20,0,0
29-Dec-20,0,0
30-Dec-20,0,0
31-Dec-20,0,0
01-Jan-21,0,0
02-Jan-21,0,0
03-Jan-21,0,0
04-Jan-21,0,0
05-Jan-21,0,0
06-Jan-21,0,0
07-Jan-21,0,0
08-Jan-21,0,0
09-Jan-21,0,0
10-Jan-21,0,0
11-Jan-21,0,0.49
12-Jan-21,0,1.25
13-Jan-21,0,1.56
14-Jan-21,0,0.08
15-Jan-21,0,0
16-Jan-21,0,0
17-Jan-21,0,0
18-Jan-21,0,0
19-Jan-21,0,0.27
20-Jan-21,0,3.83
21-Jan-21,0,7.63
22-Jan-21,0,0.06
23-Jan-21,0,0
24-Jan-21,0,0
25-Jan-21,0,0
26-Jan-21,0,0.08
27-Jan-21,0,0
28-Jan-21,0,0
29-Jan-21,0,0
30-Jan-21,0,0
31-Jan-21,0,1.11
01-Feb-21,0,0
02-Feb-21,0,0.04
03-Feb-21,0,0
04-Feb-21,0,0
05-Feb-21,0,0
06-Feb-21,0,0
07-Feb-21,0,0.04
08-Feb-21,0,0
09-Feb-21,0,0
10-Feb-21,0,0
11-Feb-21,0,0
12-Feb-21,0,0
13-Feb-21,0,0
14-Feb-21,0,0
15-Feb-21,0,0
16-Feb-21,0,0.37
17-Feb-21,0,0.55
18-Feb-21,0,0.14
19-Feb-21,0,0
20-Feb-21,0,0
21-Feb-21,0,0
22-Feb-21,0,0
23-Feb-21,0,0
24-Feb-21,0,0
25-Feb-21,0,0
26-Feb-21,0,0
27-Feb-21,0,0
28-Feb-21,0,2.21
01-Mar-21,0,5.13
02-Mar-21,0,0.85
03-Mar-21,0,1.98
04-Mar-21,0,0.71
05-Mar-21,0,8.4
06-Mar-21,0,3.76
07-Mar-21,0,10.12
08-Mar-21,0,0.01
09-Mar-21,0,0
10-Mar-21,0,0.12
11-Mar-21,0,1.38
12-Mar-21,0,0.47
13-Mar-21,0,0
14-Mar-21,0,2.21
15-Mar-21,0,1.74
16-Mar-21,0,0.44
17-Mar-21,0,0
18-Mar-21,0,0
19-Mar-21,0,0
20-Mar-21,0,0
21-Mar-21,0,0.41
22-Mar-21,0,1.4
23-Mar-21,0,0
24-Mar-21,0,0
25-Mar-21,0,8.65
26-Mar-21,0,0
27-Mar-21,0,0
28-Mar-21,0,0
29-Mar-21,0,0
30-Mar-21,0,1.73
31-Mar-21,0,4.93
01-Apr-21,0,19.48
02-Apr-21,0,6.79
03-Apr-21,0,0.53
04-Apr-21,0,0
05-Apr-21,0,0.11
06-Apr-21,0,0
07-Apr-21,0,0
08-Apr-21,0,0.97
09-Apr-21,0,5.82
10-Apr-21,0,10.66
11-Apr-21,0,9.71
12-Apr-21,0,5.84
13-Apr-21,0,0.93
14-Apr-21,0,8.61
15-Apr-21,0,0
16-Apr-21,0,3.71
17-Apr-21,0,0.87
18-Apr-21,0,0.68
19-Apr-21,0,4.92
20-Apr-21,0,4.57
21-Apr-21,0,1.01
22-Apr-21,0,1.1
23-Apr-21,0,5.47
24-Apr-21,0,0
25-Apr-21,0,0
26-Apr-21,0,0
28-Apr-21,0,0.95
29-Apr-21,0,7.09
30-Apr-21,0,0
01-May-21,0,0
02-May-21,0,3.97
03-May-21,0,1.32
04-May-21,0,1.46
05-May-21,0,0.74
06-May-21,0,6.54
07-May-21,0,0.33
08-May-21,0,0.77
09-May-21,0,2.66
11-May-21,0,9.14
12-May-21,0,4.86
13-May-21,0,2.02
14-May-21,0,14.22
15-May-21,0,28.88
16-May-21,0,16.7
17-May-21,0,8.71
18-May-21,0,5.37
19-May-21,0,28.94
20-May-21,0,47.54
21-May-21,0,15.12
22-May-21,0,29.93
23-May-21,0,6.58
25-May-21,0,0.78
26-May-21,0,1.32
27-May-21,0,8.16
28-May-21,0,0.53
29-May-21,0,0.15
30-May-21,0,6.64
31-May-21,0,15.46
01-Jun-21,0,15.43
02-Jun-21,0,5.09
03-Jun-21,0,17.38
04-Jun-21,0,25.5
05-Jun-21,0,14.04
06-Jun-21,0,24.91
07-Jun-21,0,22.01
08-Jun-21,0,13.8
09-Jun-21,0,3.27
10-Jun-21,0,2.29
11-Jun-21,0,14.33
13-Jun-21,0,1.51
14-Jun-21,0,4.3
15-Jun-21,0,9.84
16-Jun-21,0,1.86
17-Jun-21,0,7.53
18-Jun-21,0,10.37
19-Jun-21,0,16.83
20-Jun-21,0,36.29
22-Jun-21,0,0.64
26-Jun-21,0,2.15
27-Jun-21,0,9.36
28-Jun-21,0,6.5
30-Jun-21,0,5.97
01-Jul-21,0,10.56
02-Jul-21,0,17.76
03-Jul-21,0,1.06
04-Jul-21,0,10.85
05-Jul-21,0,2.55
06-Jul-21,0,10.03
07-Jul-21,0,9.16
08-Jul-21,0,4.47
09-Jul-21,0,3.31
10-Jul-21,0,3.65
11-Jul-21,0,2.57
12-Jul-21,0,1.5
13-Jul-21,0,2.32
16-Jul-21,0,9.59
17-Jul-21,0,15.49
18-Jul-21,0,2.15
19-Jul-21,0,0.38
20-Jul-21,0,5.79
21-Jul-21,0,5.39
22-Jul-21,0,1.05
23-Jul-21,0,7.42
24-Jul-21,0,6.24
25-Jul-21,0,20.09
26-Jul-21,0,8.82
27-Jul-21,0,1.02
28-Jul-21,0,0.43
29-Jul-21,0,1.82
30-Jul-21,0,9.1
31-Jul-21,0,0.82
01-Aug-21,0,30.47
02-Aug-21,0,0.94
03-Aug-21,0,0.29
04-Aug-21,0,6.24
05-Aug-21,0,7.16
06-Aug-21,0,17.86
07-Aug-21,0,9.09
08-Aug-21,0,23.68
09-Aug-21,0,21.51
10-Aug-21,0,10.14
11-Aug-21,0,6.19
12-Aug-21,0,19.36
13-Aug-21,0,33.02
14-Aug-21,0,15.8
15-Aug-21,0,13.5
16-Aug-21,0,1.01
17-Aug-21,0,16.14
18-Aug-21,0,12.78
19-Aug-21,0,36.4
20-Aug-21,0,16.87
21-Aug-21,0,5.94
22-Aug-21,0,7.52
23-Aug-21,0,17.37
24-Aug-21,0,7.97
25-Aug-21,0,10.7
26-Aug-21,0,20.05
27-Aug-21,0,15.73
28-Aug-21,0,4.43
29-Aug-21,0,1.83
30-Aug-21,0,0.3
31-Aug-21,0,9.4
01-Sep-21,0,1.86
02-Sep-21,0,0.79
03-Sep-21,0,0.61
04-Sep-21,0,0.07
05-Sep-21,0,0.02
06-Sep-21,0,0.16
07-Sep-21,0,8.92
08-Sep-21,0,5.08
09-Sep-21,0,9.01
10-Sep-21,0,0.16
11-Sep-21,0,0.61
12-Sep-21,0,0.05
13-Sep-21,0,0
14-Sep-21,0,2.19
15-Sep-21,0,0.58
16-Sep-21,0,10.12
17-Sep-21,0,23.18
18-Sep-21,0,2.65
19-Sep-21,0,2.85
20-Sep-21,0,0
21-Sep-21,0,0
22-Sep-21,0,3.62
23-Sep-21,0,0.83
24-Sep-21,0,1.6
25-Sep-21,0,0
26-Sep-21,0,0.3
27-Sep-21,0,2.39
28-Sep-21,0,1.13
29-Sep-21,0,22.5
30-Sep-21,0,0.09
01-Oct-21,0,1.77
02-Oct-21,0,0.72
03-Oct-21,0,24.65
04-Oct-21,0,5.61
05-Oct-21,0,5.94
06-Oct-21,0,0.34
07-Oct-21,0,0.51
08-Oct-21,0,0.01
09-Oct-21,0,1.26
10-Oct-21,0,0
11-Oct-21,0,0
12-Oct-21,0,0
13-Oct-21,0,0
14-Oct-21,0,0
15-Oct-21,0,0
16-Oct-21,0,0
17-Oct-21,0,0.48
18-Oct-21,0,0.3
19-Oct-21,0,20.79
20-Oct-21,0,7.71
21-Oct-21,0,10.43
22-Oct-21,0,5.91
23-Oct-21,0,0.2
24-Oct-21,0,0.05
25-Oct-21,0,0
26-Oct-21,0,0.09
27-Oct-21,0,0
28-Oct-21,0,0
29-Oct-21,0,0
30-Oct-21,0,0
31-Oct-21,0,0
01-Nov-21,0,0.86
02-Nov-21,0,0
03-Nov-21,0,0
04-Nov-21,0,0.06
05-Nov-21,0,0
06-Nov-21,0,0
07-Nov-21,0,0
08-Nov-21,0,0
09-Nov-21,0,0
10-Nov-21,0,0
11-Nov-21,0,0
12-Nov-21,0,0
13-Nov-21,0,0
14-Nov-21,0,0
15-Nov-21,0,0
16-Nov-21,0,0
17-Nov-21,0,0
18-Nov-21,0,0
19-Nov-21,0,0
20-Nov-21,0,0
21-Nov-21,0,0
22-Nov-21,0,0
23-Nov-21,0,4.84
24-Nov-21,0,1.06
25-Nov-21,0,0.28
26-Nov-21,0,0.65
27-Nov-21,0,0.85
28-Nov-21,0,0.43
29-Nov-21,0,0
30-Nov-21,0,0
01-Dec-21,0,0
02-Dec-21,0,0
03-Dec-21,0,0
04-Dec-21,0,0
05-Dec-21,0,0
06-Dec-21,0,0
07-Dec-21,0,0
08-Dec-21,0,0.3
09-Dec-21,0,0.37
10-Dec-21,0,0
11-Dec-21,0,16.96
12-Dec-21,0,0.11
13-Dec-21,0,0
14-Dec-21,0,0
15-Dec-21,0,0
16-Dec-21,0,0
17-Dec-21,0,0
18-Dec-21,0,0
19-Dec-21,0,0
20-Dec-21,0,0
21-Dec-21,0,0
22-Dec-21,0,0
23-Dec-21,0,0.32
24-Dec-21,0,0
25-Dec-21,0,0.15
26-Dec-21,0,0.01
27-Dec-21,0,0.32
28-Dec-21,0,0
29-Dec-21,0,0
30-Dec-21,0,0
31-Dec-21,0,1.23
01-Jan-22,0,0.11
02-Jan-22,0,0
03-Jan-22,0,0
04-Jan-22,0,0.2
05-Jan-22,0,0.2
06-Jan-22,0,0
07-Jan-22,0,0
08-Jan-22,0,0
09-Jan-22,0,0
10-Jan-22,0,0
11-Jan-22,0,0
12-Jan-22,0,4.64
13-Jan-22,0,12.64
14-Jan-22,0,0.21
15-Jan-22,0,0
16-Jan-22,0,0
17-Jan-22,0,0
18-Jan-22,0,0
19-Jan-22,0,0
20-Jan-22,0,0
21-Jan-22,0,0.49
22-Jan-22,0,0.1
23-Jan-22,0,0.26
24-Jan-22,0,0.07
25-Jan-22,0,0.12
26-Jan-22,0,4.81
27-Jan-22,0,2.48
28-Jan-22,0,8.02
29-Jan-22,0,0
30-Jan-22,0,0
31-Jan-22,0,0
01-Feb-22,0,1.64
02-Feb-22,0,8.21
03-Feb-22,0,0.32
04-Feb-22,0,0
05-Feb-22,0,10.51
06-Feb-22,0,14.93
07-Feb-22,0,0
08-Feb-22,0,0.94
09-Feb-22,0,0
10-Feb-22,0,0.16
11-Feb-22,0,1.42
12-Feb-22,0,3.31
13-Feb-22,0,0
14-Feb-22,0,0
16-Feb-22,0,0
17-Feb-22,0,0
18-Feb-22,0,0.2
19-Feb-22,0,0
20-Feb-22,0,4.82
21-Feb-22,0,14.43
22-Feb-22,0,2.7
23-Feb-22,0,0
24-Feb-22,0,0
25-Feb-22,0,1.65
26-Feb-22,0,4.91
27-Feb-22,0,0.62
28-Feb-22,0,2.2
01-Mar-22,0,0.51
02-Mar-22,0,0
03-Mar-22,0,0.13
04-Mar-22,0,0
05-Mar-22,0,0.22
06-Mar-22,0,0.11
07-Mar-22,0,0
08-Mar-22,0,0
09-Mar-22,0,0
10-Mar-22,0,0
11-Mar-22,0,0
12-Mar-22,0,0
13-Mar-22,0,0
14-Mar-22,0,0
15-Mar-22,0,0
16-Mar-22,0,0
17-Mar-22,0,0
18-Mar-22,0,0
19-Mar-22,0,0
20-Mar-22,0,0.02
22-Mar-22,0,0.03
23-Mar-22,0,0
24-Mar-22,0,0.12
25-Mar-22,0,17.47
26-Mar-22,0,25.3
27-Mar-22,0,8.99
28-Mar-22,0,0
29-Mar-22,0,1.21
30-Mar-22,0,2.05
31-Mar-22,0,4.83
01-Apr-22,0,9.75
02-Apr-22,0,16.12
04-Apr-22,0,50.73
05-Apr-22,0,68.47
06-Apr-22,0,31.86
08-Apr-22,0,2.4
09-Apr-22,0,6.84
10-Apr-22,0,0.14
11-Apr-22,0,4.51
12-Apr-22,0,0
13-Apr-22,0,1.15
14-Apr-22,0,55.86
15-Apr-22,0,18.44
16-Apr-22,0,25.65
17-Apr-22,0,7.29
18-Apr-22,0,8.73
19-Apr-22,0,0.62
20-Apr-22,0,2.66
21-Apr-22,0,0.03
22-Apr-22,0,1.24
23-Apr-22,0,10.9
24-Apr-22,0,27.17
25-Apr-22,0,9.59
26-Apr-22,0,5.45
27-Apr-22,0,4.28
28-Apr-22,0,10.47
29-Apr-22,0,0
30-Apr-22,0,11.47
01-May-22,0,2.45
02-May-22,0,0
03-May-22,0,5.8
04-May-22,0,13.63
05-May-22,0,0.1
06-May-22,0,0
07-May-22,0,0
08-May-22,0,0.04
09-May-22,0,0
10-May-22,0,17.05
11-May-22,0,6.98
12-May-22,0,28.13
13-May-22,0,20.63
14-May-22,0,21.82
15-May-22,0,24.24
16-May-22,0,37.53
17-May-22,0,34.36
18-May-22,0,25.15
19-May-22,0,24.98
20-May-22,0,10.32
21-May-22,0,6.41
22-May-22,0,4.27
23-May-22,0,0.62
24-May-22,0,0
25-May-22,0,0.69
26-May-22,0,10.31
27-May-22,0,9.5
28-May-22,0,15.89
29-May-22,0,0.83
30-May-22,0,0.03
31-May-22,0,0.08
01-Jun-22,0,20.94
02-Jun-22,0,2.62
03-Jun-22,0,11.98
04-Jun-22,0,12.35
05-Jun-22,0,8.06
06-Jun-22,0,22.17
07-Jun-22,0,3.01
08-Jun-22,0,9.52
09-Jun-22,0,6.03
10-Jun-22,0,5.51
11-Jun-22,0,10.91
12-Jun-22,0,14.59
13-Jun-22,0,9.97
14-Jun-22,0,14.64
15-Jun-22,0,39.43
16-Jun-22,0,17.82
17-Jun-22,0,27.52
18-Jun-22,0,22.24
19-Jun-22,0,17.96
20-Jun-22,0,17.35
21-Jun-22,0,9.69
22-Jun-22,0,0.12
23-Jun-22,0,5.13
24-Jun-22,0,31.16
25-Jun-22,0,13.09
26-Jun-22,0,20.92
27-Jun-22,0,18.21
28-Jun-22,0,25.91
29-Jun-22,0,62.76
30-Jun-22,0,26.48
01-Jul-22,0,47.92
02-Jul-22,0,0.59
03-Jul-22,0,3.53
04-Jul-22,0,5.74
05-Jul-22,0,0.02
06-Jul-22,0,1.07
07-Jul-22,0,0.3
08-Jul-22,0,24.69
09-Jul-22,0,2.18
10-Jul-22,0,0.35
11-Jul-22,0,13.75
12-Jul-22,0,22.45
13-Jul-22,0,3.59
14-Jul-22,0,4.1
15-Jul-22,0,0
18-Jul-22,0,37.39
19-Jul-22,0,33.77
20-Jul-22,0,18.31
21-Jul-22,0,7.87
22-Jul-22,0,8.06
23-Jul-22,0,2.01
24-Jul-22,0,2.86
25-Jul-22,0,20.98
26-Jul-22,0,17.24
27-Jul-22,0,20.78
28-Jul-22,0,6.01
29-Jul-22,0,0.67
30-Jul-22,0,6.56
31-Jul-22,0,6.28
01-Aug-22,0,6.03
02-Aug-22,0,16.28
03-Aug-22,0,6.16
04-Aug-22,0,4.34
05-Aug-22,0,17.24
06-Aug-22,0,7.75
07-Aug-22,0,0.7
08-Aug-22,0,6.5
09-Aug-22,0,13.44
10-Aug-22,0,10.94
11-Aug-22,0,0.28
12-Aug-22,0,0
13-Aug-22,0,19.73
14-Aug-22,0,1.33
15-Aug-22,0,38.92
16-Aug-22,0,2.13
17-Aug-22,0,0.93
18-Aug-22,0,0
19-Aug-22,0,6.23
20-Aug-22,0,0.74
21-Aug-22,0,13.87
22-Aug-22,0,2.18
23-Aug-22,0,9.64
24-Aug-22,0,0.7
25-Aug-22,0,26.55
26-Aug-22,0,6.22
27-Aug-22,0,0.67
28-Aug-22,0,32.87
29-Aug-22,0,6.75
30-Aug-22,0,9.06
31-Aug-22,0,9.77
01-Sep-22,0,9.88
02-Sep-22,0,1.31
03-Sep-22,0,9.32
04-Sep-22,0,19.01
05-Sep-22,0,24.58
06-Sep-22,0,3.23
07-Sep-22,0,1.17
08-Sep-22,0,1.57
09-Sep-22,0,0.07
10-Sep-22,0,0.28
11-Sep-22,0,0.98
12-Sep-22,0,4.5
13-Sep-22,0,12.17
14-Sep-22,0,1.23
15-Sep-22,0,3.01
16-Sep-22,0,17.36
17-Sep-22,0,1.98
18-Sep-22,0,0
19-Sep-22,0,0
20-Sep-22,0,24.94
21-Sep-22,0,3.92
22-Sep-22,0,22.72
23-Sep-22,0,1.97
24-Sep-22,0,14.5
25-Sep-22,0,9.74
26-Sep-22,0,3.38
27-Sep-22,0,1.36
28-Sep-22,0,1.73
29-Sep-22,0,0.69
30-Sep-22,0,0.56
01-Oct-22,0,0.05
02-Oct-22,0,0
03-Oct-22,0,0.05
04-Oct-22,0,1.32
05-Oct-22,0,26.24
06-Oct-22,0,7.96
07-Oct-22,0,26.88
08-Oct-22,0,8.16
09-Oct-22,0,24.5
10-Oct-22,0,17.62
11-Oct-22,0,25.16
12-Oct-22,0,7.27
13-Oct-22,0,8.13
14-Oct-22,0,14.71
15-Oct-22,0,3.22
16-Oct-22,0,0
17-Oct-22,0,0
18-Oct-22,0,1.32
19-Oct-22,0,0.06
20-Oct-22,0,0.23
21-Oct-22,0,0
22-Oct-22,0,0
23-Oct-22,0,0
24-Oct-22,0,0.34
25-Oct-22,0,27.28
26-Oct-22,0,15.03
27-Oct-22,0,3.88
28-Oct-22,0,0.04
29-Oct-22,0,0
30-Oct-22,0,0
31-Oct-22,0,0
01-Nov-22,0,0
02-Nov-22,0,0
03-Nov-22,0,0
04-Nov-22,0,0
05-Nov-22,0,0
06-Nov-22,0,0
07-Nov-22,0,0.05
08-Nov-22,0,0
09-Nov-22,0,0
10-Nov-22,0,0
11-Nov-22,0,0
12-Nov-22,0,0
13-Nov-22,0,0.24
14-Nov-22,0,0
15-Nov-22,0,0
16-Nov-22,0,0
17-Nov-22,0,0
18-Nov-22,0,0.4
19-Nov-22,0,0
20-Nov-22,0,0
21-Nov-22,0,0
22-Nov-22,0,0
23-Nov-22,0,0
24-Nov-22,0,0
25-Nov-22,0,0
26-Nov-22,0,0
27-Nov-22,0,0
28-Nov-22,0,0
29-Nov-22,0,0
30-Nov-22,0,0
01-Dec-22,0,0
02-Dec-22,0,0
03-Dec-22,0,0
04-Dec-22,0,0
05-Dec-22,0,0
06-Dec-22,0,0
07-Dec-22,0,0
08-Dec-22,0,0
09-Dec-22,0,0
10-Dec-22,0,0
11-Dec-22,0,0
12-Dec-22,0,0
13-Dec-22,0,0
14-Dec-22,0,0
15-Dec-22,0,0
16-Dec-22,0,0.39
17-Dec-22,0,0.08
18-Dec-22,0,0
19-Dec-22,0,0
20-Dec-22,0,0
21-Dec-22,0,0.04
22-Dec-22,0,0
23-Dec-22,0,0
24-Dec-22,0,0
25-Dec-22,0,2.39
26-Dec-22,0,3.52
27-Dec-22,0,11.22
28-Dec-22,0,4.55
29-Dec-22,0,0.02
30-Dec-22,0,0
31-Dec-22,0,0.43
01-Jan-23,0,0.04
02-Jan-23,0,0
03-Jan-23,0,0
04-Jan-23,0,0
05-Jan-23,0,0
06-Jan-23,0,0
07-Jan-23,0,0
08-Jan-23,0,0
09-Jan-23,0,0
10-Jan-23,0,0
11-Jan-23,0,0
12-Jan-23,0,0
13-Jan-23,0,0.38
14-Jan-23,0,2.17
15-Jan-23,0,2.39
16-Jan-23,0,0.1
18-Jan-23,0,0.3
19-Jan-23,0,0
20-Jan-23,0,0
21-Jan-23,0,0
22-Jan-23,0,0
23-Jan-23,0,0
24-Jan-23,0,0
25-Jan-23,0,0
26-Jan-23,0,0
27-Jan-23,0,0
28-Jan-23,0,0
29-Jan-23,0,0
30-Jan-23,0,0
31-Jan-23,0,0
01-Feb-23,0,0
02-Feb-23,0,0
03-Feb-23,0,0
04-Feb-23,0,0
05-Feb-23,0,0.04
06-Feb-23,0,0
07-Feb-23,0,8.26
08-Feb-23,0,5.53
09-Feb-23,0,1.09
10-Feb-23,0,0.17
11-Feb-23,0,0
12-Feb-23,0,0.97
13-Feb-23,0,7.43
14-Feb-23,0,0
15-Feb-23,0,0
16-Feb-23,0,4.22
17-Feb-23,0,0
18-Feb-23,0,0
19-Feb-23,0,0
20-Feb-23,0,0.88
21-Feb-23,0,2.89
22-Feb-23,0,20.8
23-Feb-23,0,27.19
24-Feb-23,0,12.76
25-Feb-23,0,0.6
26-Feb-23,0,0
27-Feb-23,0,0.38
28-Feb-23,0,6.8
01-Mar-23,0,0
02-Mar-23,0,0
03-Mar-23,0,0
04-Mar-23,0,0
05-Mar-23,0,0
06-Mar-23,0,2.76
07-Mar-23,0,3.68
08-Mar-23,0,0
09-Mar-23,0,0
10-Mar-23,0,0
11-Mar-23,0,0
12-Mar-23,0,0
13-Mar-23,0,0
14-Mar-23,0,0
15-Mar-23,0,3.75
16-Mar-23,0,17.36
17-Mar-23,0,0
18-Mar-23,0,2.76
19-Mar-23,0,0.56
20-Mar-23,0,11.45
21-Mar-23,0,11.64
22-Mar-23,0,10
23-Mar-23,0,29.55
24-Mar-23,0,8.91
25-Mar-23,0,0.23
26-Mar-23,0,3.87
27-Mar-23,0,12.27
28-Mar-23,0,14.56
29-Mar-23,0,4.2
30-Mar-23,0,2.96
31-Mar-23,0,0.05
01-Apr-23,0,0
02-Apr-23,0,23.6
03-Apr-23,0,39.17
04-Apr-23,0,6.67
05-Apr-23,0,11.64
06-Apr-23,0,1.29
07-Apr-23,0,0.88
08-Apr-23,0,0
09-Apr-23,0,0
10-Apr-23,0,0
11-Apr-23,0,0.18
12-Apr-23,0,0
13-Apr-23,0,0
14-Apr-23,0,0
15-Apr-23,0,0
16-Apr-23,0,0
17-Apr-23,0,1.6
18-Apr-23,0,0.38
19-Apr-23,0,3.28
20-Apr-23,0,20.69
21-Apr-23,0,16.27
22-Apr-23,0,2.7
23-Apr-23,0,7.89
24-Apr-23,0,17.76
25-Apr-23,0,0
26-Apr-23,0,3.05
27-Apr-23,0,0.26
28-Apr-23,0,4.58
29-Apr-23,0,1.23
30-Apr-23,0,6.4
01-May-23,0,1.78
02-May-23,0,2.54
03-May-23,0,11.83
04-May-23,0,6.24
05-May-23,0,4.66
06-May-23,0,16.56
07-May-23,0,8.79
08-May-23,0,7.99
09-May-23,0,1.24
10-May-23,0,5.56
11-May-23,0,0.4
12-May-23,0,2.75
13-May-23,0,0
14-May-23,0,0
15-May-23,0,4.05
16-May-23,0,17.95
17-May-23,0,18.2
18-May-23,0,5.54
19-May-23,0,5.43
20-May-23,0,16.38
21-May-23,0,32.44
22-May-23,0,10.7
23-May-23,0,0.53
24-May-23,0,1.66
25-May-23,0,1.85
26-May-23,0,21.72
27-May-23,0,10.45
28-May-23,0,0.74
29-May-23,0,0
30-May-23,0,0
31-May-23,0,0
01-Jun-23,0,0
02-Jun-23,0,11.22
03-Jun-23,0,0.81
04-Jun-23,0,0.04
05-Jun-23,0,0
06-Jun-23,0,0
07-Jun-23,0,0
08-Jun-23,0,0.05
09-Jun-23,0,0.02
10-Jun-23,0,12.4
11-Jun-23,0,20.83
12-Jun-23,0,25.95
14-Jun-23,0,10.26
15-Jun-23,0,26.78
16-Jun-23,0,42.97
17-Jun-23,0,29.44
18-Jun-23,0,19.35
19-Jun-23,0,10.2
20-Jun-23,0,8.94
21-Jun-23,0,30.33
22-Jun-23,0,28.47
23-Jun-23,0,15.23
24-Jun-23,0,0.28
25-Jun-23,0,0.52
26-Jun-23,0,1.17
27-Jun-23,0,12.89
28-Jun-23,0,38.48
29-Jun-23,0,17.06
30-Jun-23,0,21.94
01-Jul-23,0,13.59
02-Jul-23,0,16.69
03-Jul-23,0,17.13
04-Jul-23,0,13.74
05-Jul-23,0,3.16
06-Jul-23,0,19.38
07-Jul-23,0,28.86
08-Jul-23,0,14.05
09-Jul-23,0,16.25
10-Jul-23,0,4.55
11-Jul-23,0,10.94
12-Jul-23,0,14.7
13-Jul-23,0,29.96
14-Jul-23,0,23.63
15-Jul-23,0,5.23
16-Jul-23,0,22.05
17-Jul-23,0,19.37
18-Jul-23,0,0.03
19-Jul-23,0,0
20-Jul-23,0,0.01
21-Jul-23,0,9.88
22-Jul-23,0,4.83
23-Jul-23,0,22.65
24-Jul-23,0,6.19
25-Jul-23,0,9.04
26-Jul-23,0,6.94
27-Jul-23,0,27.26
28-Jul-23,0,35.61
29-Jul-23,0,54.43
30-Jul-23,0,1.71
31-Jul-23,0,6.56
01-Aug-23,0,0.33
02-Aug-23,0,0
03-Aug-23,0,44.31
04-Aug-23,0,10.43
05-Aug-23,0,18.44
06-Aug-23,0,5.16
07-Aug-23,0,9.91
08-Aug-23,0,15.79
09-Aug-23,0,39.8
10-Aug-23,0,14.37
11-Aug-23,0,9.07
12-Aug-23,0,48.44
13-Aug-23,0,11.51
14-Aug-23,0,0.05
15-Aug-23,0,4.01
16-Aug-23,0,6.38
17-Aug-23,0,0.4
18-Aug-23,0,2.13
19-Aug-23,0,16.05
20-Aug-23,0,17.86
21-Aug-23,0,24.03
22-Aug-23,0,33.05
23-Aug-23,0,17.1
24-Aug-23,0,0.29
25-Aug-23,0,8.92
26-Aug-23,0,9.82
27-Aug-23,0,11.86
28-Aug-23,0,20.19
29-Aug-23,0,5.9
30-Aug-23,0,0
31-Aug-23,0,0
01-Sep-23,0,1.23
02-Sep-23,0,0.18
03-Sep-23,0,0
04-Sep-23,0,0
05-Sep-23,0,0
06-Sep-23,0,0
07-Sep-23,0,0
08-Sep-23,0,0.18
09-Sep-23,0,4.06
10-Sep-23,0,1.3
11-Sep-23,0,8.06
12-Sep-23,0,0.73
13-Sep-23,0,0.02
14-Sep-23,0,0.02
15-Sep-23,0,0.96
16-Sep-23,0,5
17-Sep-23,0,0.92
18-Sep-23,0,0
19-Sep-23,0,0.02
20-Sep-23,0,72.79
21-Sep-23,0,13.89
22-Sep-23,0,26.79
23-Sep-23,0,17.33
24-Sep-23,0,20.17
25-Sep-23,0,7
26-Sep-23,0,0.02
27-Sep-23,0,0
28-Sep-23,0,0
29-Sep-23,0,0
30-Sep-23,0,0
01-Oct-23,0,0.07
02-Oct-23,0,0.28
03-Oct-23,0,39.48
04-Oct-23,0,26.41
05-Oct-23,0,8.71
06-Oct-23,0,14.99
07-Oct-23,0,5
08-Oct-23,0,16.13
09-Oct-23,0,15.72
10-Oct-23,0,4.3
11-Oct-23,0,0.14
12-Oct-23,0,3.28
13-Oct-23,0,0.94
14-Oct-23,0,0
15-Oct-23,0,0.18
16-Oct-23,0,0
17-Oct-23,0,0
18-Oct-23,0,0.13
19-Oct-23,0,0.81
20-Oct-23,0,0
21-Oct-23,0,0
22-Oct-23,0,0
23-Oct-23,0,0
24-Oct-23,0,0
25-Oct-23,0,0
26-Oct-23,0,0.51
27-Oct-23,0,0
28-Oct-23,0,0
29-Oct-23,0,0
30-Oct-23,0,0
31-Oct-23,0,0
01-Nov-23,0,0
02-Nov-23,0,0
03-Nov-23,0,0
04-Nov-23,0,0
05-Nov-23,0,0.68
06-Nov-23,0,0
07-Nov-23,0,0
08-Nov-23,0,0
09-Nov-23,0,0
10-Nov-23,0,0
11-Nov-23,0,0
12-Nov-23,0,0
13-Nov-23,0,0
14-Nov-23,0,0
15-Nov-23,0,0
16-Nov-23,0,0
17-Nov-23,0,0
18-Nov-23,0,10.74
19-Nov-23,0,0
20-Nov-23,0,0
21-Nov-23,0,0
22-Nov-23,0,0.01
23-Nov-23,0,0
24-Nov-23,0,0
25-Nov-23,0,0
26-Nov-23,0,0
27-Nov-23,0,0
28-Nov-23,0,0
29-Nov-23,0,0
30-Nov-23,0,0
01-Dec-23,0,0
02-Dec-23,0,0
03-Dec-23,0,0
04-Dec-23,0,0
05-Dec-23,0,0
06-Dec-23,0,0
07-Dec-23,0,0
08-Dec-23,0,4.59
09-Dec-23,0,6.22
10-Dec-23,0,1.05
11-Dec-23,0,0
12-Dec-23,0,0
13-Dec-23,0,0
14-Dec-23,0,3.65
15-Dec-23,0,0.21
16-Dec-23,0,0
17-Dec-23,0,0
18-Dec-23,0,0
19-Dec-23,0,0
20-Dec-23,0,0
21-Dec-23,0,0
22-Dec-23,0,0
23-Dec-23,0,0
24-Dec-23,0,0
25-Dec-23,0,0
26-Dec-23,0,0
27-Dec-23,0,0
28-Dec-23,0,0
29-Dec-23,0,0
30-Dec-23,0,0
31-Dec-23,0,0
01-Jan-24,0,0
02-Jan-24,0,0
03-Jan-24,0,0
04-Jan-24,0,0
05-Jan-24,0,0
06-Jan-24,0,0
07-Jan-24,0,0
08-Jan-24,0,0
09-Jan-24,0,0
10-Jan-24,0,0
11-Jan-24,0,0
12-Jan-24,0,0
13-Jan-24,0,0
14-Jan-24,0,0
15-Jan-24,0,0
16-Jan-24,0,0
17-Jan-24,0,1.88
18-Jan-24,0,0.26
19-Jan-24,0,1.15
20-Jan-24,0,0
21-Jan-24,0,0.07
22-Jan-24,0,0.02
23-Jan-24,0,0
24-Jan-24,0,0.66
25-Jan-24,0,0
26-Jan-24,0,0
27-Jan-24,0,1.75
28-Jan-24,0,0
29-Jan-24,0,0
30-Jan-24,0,0
31-Jan-24,0,0.25
01-Feb-24,0,3.22
02-Feb-24,0,3.86
03-Feb-24,0,14.14
04-Feb-24,0,0.49
05-Feb-24,0,0.96
06-Feb-24,0,7.32
07-Feb-24,0,3.95
08-Feb-24,0,0.65
09-Feb-24,0,0
10-Feb-24,0,0
11-Feb-24,0,0
12-Feb-24,0,0
13-Feb-24,0,0
14-Feb-24,0,0
15-Feb-24,0,0.86
16-Feb-24,0,3.61
17-Feb-24,0,0
18-Feb-24,0,1.91
19-Feb-24,0,1.52
20-Feb-24,0,0
21-Feb-24,0,7.58
22-Feb-24,0,10.28
23-Feb-24,0,8.88
24-Feb-24,0,2.01
25-Feb-24,0,1.36
26-Feb-24,0,0.16
27-Feb-24,0,0
28-Feb-24,0,0
29-Feb-24,0,3.11
01-Mar-24,0,0.02
02-Mar-24,0,0
03-Mar-24,0,0
04-Mar-24,0,1.53
05-Mar-24,0,2.65
06-Mar-24,0,1.72
07-Mar-24,0,0
08-Mar-24,0,0.01
09-Mar-24,0,0.02
10-Mar-24,0,0
11-Mar-24,0,0
12-Mar-24,0,0.15
13-Mar-24,0,0.91
14-Mar-24,0,3.28
15-Mar-24,0,11.84
16-Mar-24,0,0.05
17-Mar-24,0,0.03
18-Mar-24,0,0
19-Mar-24,0,0
20-Mar-24,0,0
